{
  "assets/video/1.mp4": "https://cdn.jsdelivr.net/gh/evsong/bupt/assets/video/1.mp4",
  "assets/video/DialectToMandarin.mp4": "https://cdn.jsdelivr.net/gh/evsong/bupt/assets/video/DialectToMandarin.mp4",
  "assets/images/纹5(2).png": "https://cdn.jsdelivr.net/gh/evsong/bupt/assets/images/%E7%BA%B95%282%29.png",
  "assets/images/图1.png": "https://cdn.jsdelivr.net/gh/evsong/bupt/assets/images/%E5%9B%BE1.png",
  "assets/images/端午的鸭蛋.png": "https://cdn.jsdelivr.net/gh/evsong/bupt/assets/images/%E7%AB%AF%E5%8D%88%E7%9A%84%E9%B8%AD%E8%9B%8B.png",
  "assets/images/user-avatar.svg": "https://cdn.jsdelivr.net/gh/evsong/bupt/assets/images/user-avatar.svg",
  "assets/images/中国.png": "https://cdn.jsdelivr.net/gh/evsong/bupt/assets/images/%E4%B8%AD%E5%9B%BD.png",
  "assets/images/江西.png": "https://cdn.jsdelivr.net/gh/evsong/bupt/assets/images/%E6%B1%9F%E8%A5%BF.png",
  "assets/images/橘子洲烟花.jpg": "https://cdn.jsdelivr.net/gh/evsong/bupt/assets/images/%E6%A9%98%E5%AD%90%E6%B4%B2%E7%83%9F%E8%8A%B1.jpg",
  "assets/images/湖南.png": "https://cdn.jsdelivr.net/gh/evsong/bupt/assets/images/%E6%B9%96%E5%8D%97.png",
  "assets/images/河南打铁花.png": "https://cdn.jsdelivr.net/gh/evsong/bupt/assets/images/%E6%B2%B3%E5%8D%97%E6%89%93%E9%93%81%E8%8A%B1.png",
  "assets/images/p3.jpg": "https://cdn.jsdelivr.net/gh/evsong/bupt/assets/images/p3.jpg",
  "assets/images/中国风建筑.png": "https://cdn.jsdelivr.net/gh/evsong/bupt/assets/images/%E4%B8%AD%E5%9B%BD%E9%A3%8E%E5%BB%BA%E7%AD%91.png",
  "assets/images/竹2.png": "https://cdn.jsdelivr.net/gh/evsong/bupt/assets/images/%E7%AB%B92.png",
  "assets/images/钱3.png": "https://cdn.jsdelivr.net/gh/evsong/bupt/assets/images/%E9%92%B13.png",
  "assets/images/钱2.png": "https://cdn.jsdelivr.net/gh/evsong/bupt/assets/images/%E9%92%B12.png",
  "assets/images/竹3.png": "https://cdn.jsdelivr.net/gh/evsong/bupt/assets/images/%E7%AB%B93.png",
  "assets/images/p2.jpg": "https://cdn.jsdelivr.net/gh/evsong/bupt/assets/images/p2.jpg",
  "assets/images/封面.gif": "https://cdn.jsdelivr.net/gh/evsong/bupt/assets/images/%E5%B0%81%E9%9D%A2.gif",
  "assets/images/竹1.png": "https://cdn.jsdelivr.net/gh/evsong/bupt/assets/images/%E7%AB%B91.png",
  "assets/images/钱1.png": "https://cdn.jsdelivr.net/gh/evsong/bupt/assets/images/%E9%92%B11.png",
  "assets/images/p1.jpg": "https://cdn.jsdelivr.net/gh/evsong/bupt/assets/images/p1.jpg",
  "assets/images/竹4.png": "https://cdn.jsdelivr.net/gh/evsong/bupt/assets/images/%E7%AB%B94.png",
  "assets/images/钱4.png": "https://cdn.jsdelivr.net/gh/evsong/bupt/assets/images/%E9%92%B14.png",
  "assets/images/p4.png": "https://cdn.jsdelivr.net/gh/evsong/bupt/assets/images/p4.png",
  "assets/images/四川.png": "https://cdn.jsdelivr.net/gh/evsong/bupt/assets/images/%E5%9B%9B%E5%B7%9D.png",
  "assets/images/游戏.jpg": "https://cdn.jsdelivr.net/gh/evsong/bupt/assets/images/%E6%B8%B8%E6%88%8F.jpg",
  "assets/images/背景.jpg": "https://cdn.jsdelivr.net/gh/evsong/bupt/assets/images/%E8%83%8C%E6%99%AF.jpg",
  "assets/images/书1.png": "https://cdn.jsdelivr.net/gh/evsong/bupt/assets/images/%E4%B9%A61.png",
  "assets/images/灯4.png": "https://cdn.jsdelivr.net/gh/evsong/bupt/assets/images/%E7%81%AF4.png",
  "assets/images/书3.png": "https://cdn.jsdelivr.net/gh/evsong/bupt/assets/images/%E4%B9%A63.png",
  "assets/images/湘西赶尸.jpg": "https://cdn.jsdelivr.net/gh/evsong/bupt/assets/images/%E6%B9%98%E8%A5%BF%E8%B5%B6%E5%B0%B8.jpg",
  "assets/images/纹3.png": "https://cdn.jsdelivr.net/gh/evsong/bupt/assets/images/%E7%BA%B93.png",
  "assets/images/纹2.png": "https://cdn.jsdelivr.net/gh/evsong/bupt/assets/images/%E7%BA%B92.png",
  "assets/images/河南.png": "https://cdn.jsdelivr.net/gh/evsong/bupt/assets/images/%E6%B2%B3%E5%8D%97.png",
  "assets/images/书2.png": "https://cdn.jsdelivr.net/gh/evsong/bupt/assets/images/%E4%B9%A62.png",
  "assets/images/灯3.png": "https://cdn.jsdelivr.net/gh/evsong/bupt/assets/images/%E7%81%AF3.png",
  "assets/images/灯2.png": "https://cdn.jsdelivr.net/gh/evsong/bupt/assets/images/%E7%81%AF2.png",
  "assets/images/纹5(1).png": "https://cdn.jsdelivr.net/gh/evsong/bupt/assets/images/%E7%BA%B95%281%29.png",
  "assets/images/纹4.png": "https://cdn.jsdelivr.net/gh/evsong/bupt/assets/images/%E7%BA%B94.png",
  "assets/images/书4.png": "https://cdn.jsdelivr.net/gh/evsong/bupt/assets/images/%E4%B9%A64.png",
  "assets/images/灯1.png": "https://cdn.jsdelivr.net/gh/evsong/bupt/assets/images/%E7%81%AF1.png",
  "assets/audio/story3.mp3": "https://cdn.jsdelivr.net/gh/evsong/bupt/assets/audio/story3.mp3",
  "assets/audio/story2.mp3": "https://cdn.jsdelivr.net/gh/evsong/bupt/assets/audio/story2.mp3",
  "assets/audio/story4.mp3": "https://cdn.jsdelivr.net/gh/evsong/bupt/assets/audio/story4.mp3"
}